"USUBJID","TIME","CONC","DOSE","WT","SEX"
"001",0,0.005,100,75.2,"M"
"001",0.5,1.0192,100,75.2,"M"
"001",1,1.4021,100,75.2,"M"
"001",1.5,1.9996,100,75.2,"M"
"001",2,2.1072,100,75.2,"M"
"001",3,1.6766,100,75.2,"M"
"001",4,1.4649,100,75.2,"M"
"001",6,1.3284,100,75.2,"M"
"001",8,1.1235,100,75.2,"M"
"001",12,0.5491,100,75.2,"M"
"001",24,0.1244,100,75.2,"M"
"002",0,0.005,100,61.9,"M"
"002",0.5,1.1733,100,61.9,"M"
"002",1,1.9791,100,61.9,"M"
"002",1.5,1.8957,100,61.9,"M"
"002",2,1.8115,100,61.9,"M"
"002",3,1.6842,100,61.9,"M"
"002",4,1.7932,100,61.9,"M"
"002",6,0.8598,100,61.9,"M"
"002",8,0.6423,100,61.9,"M"
"002",12,0.2845,100,61.9,"M"
"002",24,0.0266,100,61.9,"M"
"003",0,0.005,100,71.1,"F"
"003",0.5,1.0266,100,71.1,"F"
"003",1,1.4259,100,71.1,"F"
"003",1.5,1.599,100,71.1,"F"
"003",2,1.6299,100,71.1,"F"
"003",3,1.5083,100,71.1,"F"
"003",4,1.8401,100,71.1,"F"
"003",6,1.0803,100,71.1,"F"
"003",8,0.615,100,71.1,"F"
"003",12,0.2498,100,71.1,"F"
"003",24,0.0246,100,71.1,"F"
"004",0,0.005,100,77.3,"F"
"004",0.5,1.5607,100,77.3,"F"
"004",1,2.2181,100,77.3,"F"
"004",1.5,2.7154,100,77.3,"F"
"004",2,2.5804,100,77.3,"F"
"004",3,2.0758,100,77.3,"F"
"004",4,1.7116,100,77.3,"F"
"004",6,1.4349,100,77.3,"F"
"004",8,1.135,100,77.3,"F"
"004",12,0.6475,100,77.3,"F"
"004",24,0.094,100,77.3,"F"
"005",0,0.005,100,69,"F"
"005",0.5,1.1063,100,69,"F"
"005",1,1.3781,100,69,"F"
"005",1.5,2.2162,100,69,"F"
"005",2,1.9874,100,69,"F"
"005",3,1.3777,100,69,"F"
"005",4,1.6352,100,69,"F"
"005",6,1.0057,100,69,"F"
"005",8,0.8384,100,69,"F"
"005",12,0.4074,100,69,"F"
"005",24,0.0336,100,69,"F"
"006",0,0.005,100,61.9,"M"
"006",0.5,1.3737,100,61.9,"M"
"006",1,1.8365,100,61.9,"M"
"006",1.5,2.3639,100,61.9,"M"
"006",2,2.1525,100,61.9,"M"
"006",3,1.8827,100,61.9,"M"
"006",4,1.8457,100,61.9,"M"
"006",6,1.5911,100,61.9,"M"
"006",8,0.9517,100,61.9,"M"
"006",12,0.5012,100,61.9,"M"
"006",24,0.0562,100,61.9,"M"
"007",0,0.005,100,74.5,"M"
"007",0.5,1.0564,100,74.5,"M"
"007",1,1.7848,100,74.5,"M"
"007",1.5,2.1126,100,74.5,"M"
"007",2,1.8093,100,74.5,"M"
"007",3,2.1582,100,74.5,"M"
"007",4,1.4148,100,74.5,"M"
"007",6,1.1318,100,74.5,"M"
"007",8,0.6566,100,74.5,"M"
"007",12,0.319,100,74.5,"M"
"007",24,0.0273,100,74.5,"M"
"008",0,0.005,100,84.5,"M"
"008",0.5,1.0244,100,84.5,"M"
"008",1,1.2214,100,84.5,"M"
"008",1.5,1.7272,100,84.5,"M"
"008",2,1.7861,100,84.5,"M"
"008",3,1.7467,100,84.5,"M"
"008",4,1.6656,100,84.5,"M"
"008",6,1.2379,100,84.5,"M"
"008",8,0.8147,100,84.5,"M"
"008",12,0.4094,100,84.5,"M"
"008",24,0.0424,100,84.5,"M"
"009",0,0.005,100,83.4,"M"
"009",0.5,1.4127,100,83.4,"M"
"009",1,1.8678,100,83.4,"M"
"009",1.5,1.9394,100,83.4,"M"
"009",2,2.2352,100,83.4,"M"
"009",3,1.5572,100,83.4,"M"
"009",4,1.5496,100,83.4,"M"
"009",6,1.1853,100,83.4,"M"
"009",8,0.7035,100,83.4,"M"
"009",12,0.2433,100,83.4,"M"
"009",24,0.0255,100,83.4,"M"
"010",0,0.005,100,76.7,"M"
"010",0.5,1.103,100,76.7,"M"
"010",1,1.8002,100,76.7,"M"
"010",1.5,1.9257,100,76.7,"M"
"010",2,1.8652,100,76.7,"M"
"010",3,1.6035,100,76.7,"M"
"010",4,1.9168,100,76.7,"M"
"010",6,1.0414,100,76.7,"M"
"010",8,0.8654,100,76.7,"M"
"010",12,0.2774,100,76.7,"M"
"010",24,0.0228,100,76.7,"M"
"011",0,0.005,100,76.7,"M"
"011",0.5,1.6621,100,76.7,"M"
"011",1,1.7752,100,76.7,"M"
"011",1.5,1.9814,100,76.7,"M"
"011",2,1.8837,100,76.7,"M"
"011",3,1.8248,100,76.7,"M"
"011",4,1.3791,100,76.7,"M"
"011",6,1.0318,100,76.7,"M"
"011",8,0.6291,100,76.7,"M"
"011",12,0.2955,100,76.7,"M"
"011",24,0.0258,100,76.7,"M"
"012",0,0.005,100,67,"F"
"012",0.5,1.4688,100,67,"F"
"012",1,1.9061,100,67,"F"
"012",1.5,1.7441,100,67,"F"
"012",2,1.9031,100,67,"F"
"012",3,1.7066,100,67,"F"
"012",4,1.1375,100,67,"F"
"012",6,0.7293,100,67,"F"
"012",8,0.4355,100,67,"F"
"012",12,0.1061,100,67,"F"
"012",24,0.005,100,67,"F"
